{"name":"model.json","shape":[2,3,1],"activations":[null,null,null],"weights":[{"dim":[3,2],"v":[[0.9420568041816497,0.5305867182276176],[0.836880162714533,0.04449014111535221],[0.7235408296835826,0.9898040663571939]]},{"dim":[1,3],"v":[[0.6984705530191966,0.5293721304238865,0.44138518241491753]]}],"biases":[{"v":[0.04120651578447254,0.39638645322452826,0.4863386244788932],"dim":3},{"v":[0.416334464183695],"dim":1}]}