{"name":"model.json","shape":[2,3,1],"activations":[null,null,null],"weights":[{"dim":[3,2],"v":[[0.8068994161127567,0.8004194918027805],[0.15401663122813303,0.3382703946508505],[0.4457159060676321,0.4822569340316363]]},{"dim":[1,3],"v":[[0.45385236256960826,0.5396672348264473,0.23239133016166447]]}],"biases":[{"v":[0.001905326301496757,0.9032006991073591,0.11008536602100527],"dim":3},{"v":[0.20119828118866612],"dim":1}]}