{"name":"model.json","shape":[2,3,1],"activations":[null,null,null],"weights":[{"dim":[3,2],"v":[[0.661366070005835,0.66933535155532],[0.024622680785650886,0.9227478807683962],[0.2091982215550714,0.5124787513752078]]},{"dim":[1,3],"v":[[0.023711507563500822,0.1139599729803824,0.9495966323397644]]}],"biases":[{"v":[0.42922650061950485,0.11497687722919325,0.5693012332546332],"dim":3},{"v":[0.44387932102629324],"dim":1}]}